Metric,Our Implementation,FinancePy,Difference (%)
Price,9.227005508154036,9.237370869805355,0.11221116698042961
Delta,0.586851146134764,0.586825260082612,0.004411202774106933
Gamma,0.018950578755008718,0.01892499474008662,0.13518637798036087
Vega (per 1%),0.37901157510017436,0.37953688081488784,0.13840702742395533
Theta (per day),-0.013943339490406393,-0.013917967335809958,0.18229784554210562
Rho (per 1%),0.49458109105322356,0.4958062131691739,0.2470969672040605
